[
  {
    "Key": "",
    "Dir": "."
  },
  {
    "Key": "profile",
    "Source": "git::https://github.ibm.com/GoldenEye/acl-profile-ocp.git?ref=1.3.1",
    "Dir": ".terraform/modules/profile"
  },
  {
    "Key": "resource_group",
    "Source": "git::https://github.com/terraform-ibm-modules/terraform-ibm-resource-group.git?ref=v1.1.4",
    "Dir": ".terraform/modules/resource_group"
  },
  {
    "Key": "vpc",
    "Source": "../..",
    "Dir": "../.."
  },
  {
    "Key": "vpc.vpc_subnets",
    "Source": "./modules/subnet",
    "Dir": "../../modules/subnet"
  },
  {
    "Key": "vpc.zone_subnet_addrs",
    "Source": "git::https://github.com/hashicorp/terraform-cidr-subnets.git?ref=v1.0.0",
    "Dir": ".terraform/modules/vpc.zone_subnet_addrs"
  }
]